topic word 1,topic word 2,topic word 3,topic word 4,topic word 5,topic word 6,topic word 7,topic word 8,topic word 9,topic word 10,topic word 11,topic word 12,topic word 13,topic word 14,topic word 15,topic word 16,topic word 17,topic word 18,topic word 19,topic word 20
麻麻,每件事,沾沾玺,一骑,绝尘,零零,小说,世道,真没想到,欧气,考编必,两把,进校,妈会,搭帅,双收,多轮,岗小千,加快脚步,好榜样
哥们儿,ps,真棒,焦虑,尽头,舍友,罗一舟,同事,胡先煦,宝贝,优秀,劳模,tfboys,三位,拟聘,宇宙,国家,千玺,省级,世界
会议,促使,露脸,戏路,晚会,主旋律,响当当,优先,头衔,舞台,在内,罗一舟,话剧院,这是,考上,国家,胡先煦,转发,待遇,中国
天生一对,天大,人怕出名猪怕壮,我易,我进,心肺,复苏,我个,学医,能耐,逮着,睁眼,不让,考个,多人,在内,躺平,国家,考上,话剧院
教程,宝子,海运,满脑子,好几岁,稳定下来,德艺,双修,不愧为,入中戏,打死,到手,大为,震撼,百花,吸吸,出个,入围,想着,熬夜
长津湖,没事,终身,少年,一朵,四字,小红花,弟弟,走来,奇迹,百花,笨小孩,为千玺,水门,别瞎取,一日,一票,见证,投票,宝贵
考公基,买房,做得好,后要,职测,下水道,酸菜鱼,规训,雪糕,内妈,八千,深情款款,带货卖,压缩,比供,与民争利,贵子,yue,杨澜,核算
呜呜,养成,金鸡,这下,提名,影帝,金像,好棒,在手,前有,实感,颤抖,激动,真有,宝中戏,性格,糖豆,张真源,小精灵,说倦
贵州,编易,国家,话剧院,恭喜,招聘,中国,人员,千玺,考上,读书,宿舍,公示,罗一舟,成功,不足为奇,提名,真的,大红,影帝
演員,惡意,这习,宝考,转化,向玺宝,網暴,無論,網上,一個,資本,粉絲,還是,千璽,事實,考編,喜歡,腐恩愛,現在,填膺
千玺易,没动静,耶耶耶,华表,王本王,空考,省级,口味,也动,片子,评奖,三好学生,可怕,考编,千玺,偶像,理由,百花,类型,成功
休息,两个,毕业论文,答辩,顺利,毕业,广告,代言,论文,物料,杂志,剧本,千玺,国家,话剧院,摆烂,考上,胡先煦,罗一舟,拍摄
查看,作者,抱歉,暂时,cn,http,权限,设置,此微博,删除,rfdbwwp,微博,rfdbjrg,妈耶,张批,one,老钟,黑色幽默,zyklyssq,猴猴
宇宙,考进,尽头,胡先煦,国家,罗一舟,话剧院,表姐,再评,手续,短浅,偏僻,喧闹,同天,编发,真牛,丑化,掉书袋,过编,rfdbjrg
大哥,成功率,事后,利用效率,一如既往,寻常,做成,顶礼膜拜,风格,处事,一投,两部,空隙,成果,两三个,爆出,从来不,提前,告诉,放假
出发,酸葡萄,好烦,跟上,过千玺,我来,哥卷,上午,人无一,爽到,致敬,入坑,韩国,李泰容,无止境,同天,放心,安利,难私,两手抓
哥太牛,我玺,吸吸,喜气,宿舍,好运,朋友,胡先煦,话剧院,罗一舟,考上,国家,同一个,讨论,千玺,上岸,顺利,考公考,考编,希望
千玺,考编,注销,国家,话剧院,考上,罗一舟,胡先煦,企业,个人独资,笔试,公司,明星,申请,岗位,演员,毕业生,专业,编制,尽头
相逢,无处,相聚,超强,亮眼,演艺事业,表现,偶像,拟聘易,帅哥,宿舍,同一个,国家,话剧院,千玺,期待,室友,罗一舟,自豪,三位
国家,话剧院,宇宙,尽头,考上,千玺,tfboys,真的,长津湖,优秀,大潮,恭喜,应届,中国,网易娱乐,毕业生,考编,演员,四字,微博
